{
  "battle_won_mean": [
    0.0,
    0.0
  ],
  "battle_won_mean_T": [
    21,
    10037
  ],
  "dead_allies_mean": [
    3.0,
    2.9714285714285715
  ],
  "dead_allies_mean_T": [
    21,
    10037
  ],
  "dead_enemies_mean": [
    0.0,
    0.005194805194805195
  ],
  "dead_enemies_mean_T": [
    21,
    10037
  ],
  "ep_length_mean": [
    21.0,
    26.015584415584417
  ],
  "ep_length_mean_T": [
    21,
    10037
  ],
  "episode": [
    385
  ],
  "episode_T": [
    10017
  ],
  "epsilon": [
    1.0,
    0.809677
  ],
  "epsilon_T": [
    21,
    10037
  ],
  "grad_norm": [
    3.735884365542553
  ],
  "grad_norm_T": [
    895
  ],
  "loss": [
    0.16332769393920898
  ],
  "loss_T": [
    895
  ],
  "q_taken_mean": [
    -0.3023383625392807
  ],
  "q_taken_mean_T": [
    895
  ],
  "return_mean": [
    2.3013698630136985,
    1.77733499377335
  ],
  "return_mean_T": [
    21,
    10037
  ],
  "return_std": [
    0.0,
    0.7102658723514731
  ],
  "return_std_T": [
    21,
    10037
  ],
  "target_mean": [
    -0.1844116097277991
  ],
  "target_mean_T": [
    895
  ],
  "td_error_abs": [
    0.3537802243365922
  ],
  "td_error_abs_T": [
    895
  ],
  "test_battle_won_mean": [
    0.0,
    0.1875
  ],
  "test_battle_won_mean_T": [
    21,
    10037
  ],
  "test_dead_allies_mean": [
    0.0,
    2.6875
  ],
  "test_dead_allies_mean_T": [
    21,
    10037
  ],
  "test_dead_enemies_mean": [
    0.0,
    1.9375
  ],
  "test_dead_enemies_mean_T": [
    21,
    10037
  ],
  "test_ep_length_mean": [
    60.0,
    22.8125
  ],
  "test_ep_length_mean_T": [
    21,
    10037
  ],
  "test_return_mean": [
    0.0,
    9.476027397260273
  ],
  "test_return_mean_T": [
    21,
    10037
  ],
  "test_return_std": [
    0.0,
    5.104866477825556
  ],
  "test_return_std_T": [
    21,
    10037
  ]
}