{
  "battle_won_mean": [
    0.0,
    0.0,
    0.0
  ],
  "battle_won_mean_T": [
    26,
    10037,
    20046
  ],
  "dead_allies_mean": [
    3.0,
    2.9581151832460733,
    2.982608695652174
  ],
  "dead_allies_mean_T": [
    26,
    10037,
    20046
  ],
  "dead_enemies_mean": [
    0.0,
    0.01832460732984293,
    0.08695652173913043
  ],
  "dead_enemies_mean_T": [
    26,
    10037,
    20046
  ],
  "ep_length_mean": [
    26.0,
    26.206806282722514,
    21.758695652173913
  ],
  "ep_length_mean_T": [
    26,
    10037,
    20046
  ],
  "episode": [
    382,
    842
  ],
  "episode_T": [
    10016,
    20026
  ],
  "epsilon": [
    1.0,
    0.809696,
    0.6195060000000001
  ],
  "epsilon_T": [
    26,
    10037,
    20046
  ],
  "grad_norm": [
    3.0833287412327715,
    0.6954911298583862,
    1.4398586729930996
  ],
  "grad_norm_T": [
    2155,
    12161,
    22170
  ],
  "loss": [
    0.4697599709033966,
    0.0880708172917366,
    0.07156425714492798
  ],
  "loss_T": [
    2155,
    12161,
    22170
  ],
  "nonzero_loss": [
    0.01623605377972126,
    0.0040542930364608765,
    0.007240402512252331
  ],
  "nonzero_loss_T": [
    2155,
    12161,
    22170
  ],
  "q_taken_mean": [
    0.062163890188958446,
    0.21372250597862522,
    0.3728595052905356
  ],
  "q_taken_mean_T": [
    2155,
    12161,
    22170
  ],
  "return_mean": [
    2.3013698630136985,
    1.751559922541777,
    2.6327575938058367
  ],
  "return_mean_T": [
    26,
    10037,
    20046
  ],
  "return_std": [
    0.0,
    0.7051233431378354,
    0.9354118751048203
  ],
  "return_std_T": [
    26,
    10037,
    20046
  ],
  "reward_loss": [
    0.16097575426101685,
    0.006610104348510504,
    0.009141470305621624
  ],
  "reward_loss_T": [
    2155,
    12161,
    22170
  ],
  "target_mean": [
    0.07623293791969443,
    0.22117242089199154,
    0.3459768327398332
  ],
  "target_mean_T": [
    2155,
    12161,
    22170
  ],
  "td_error_abs": [
    0.052042557162488914,
    0.1978156590225673,
    0.15696114241474807
  ],
  "td_error_abs_T": [
    2155,
    12161,
    22170
  ],
  "test_battle_won_mean": [
    0.0,
    0.8125,
    0.53125
  ],
  "test_battle_won_mean_T": [
    26,
    10037,
    20046
  ],
  "test_dead_allies_mean": [
    0.0,
    2.03125,
    2.34375
  ],
  "test_dead_allies_mean_T": [
    26,
    10037,
    20046
  ],
  "test_dead_enemies_mean": [
    0.0,
    2.8125,
    2.21875
  ],
  "test_dead_enemies_mean_T": [
    26,
    10037,
    20046
  ],
  "test_ep_length_mean": [
    60.0,
    24.46875,
    22.75
  ],
  "test_ep_length_mean_T": [
    26,
    10037,
    20046
  ],
  "test_return_mean": [
    0.0,
    17.71917808219178,
    14.16267123287671
  ],
  "test_return_mean_T": [
    26,
    10037,
    20046
  ],
  "test_return_std": [
    0.0,
    4.75128746712232,
    6.225119128032092
  ],
  "test_return_std_T": [
    26,
    10037,
    20046
  ],
  "transition_loss": [
    0.27431026101112366,
    0.014978069812059402,
    0.010021040216088295
  ],
  "transition_loss_T": [
    2155,
    12161,
    22170
  ]
}