{
  "battle_won_mean": [
    0.0,
    0.0
  ],
  "battle_won_mean_T": [
    60,
    10069
  ],
  "dead_allies_mean": [
    2.0,
    2.9461756373937678
  ],
  "dead_allies_mean_T": [
    60,
    10069
  ],
  "dead_enemies_mean": [
    0.0,
    0.0
  ],
  "dead_enemies_mean_T": [
    60,
    10069
  ],
  "ep_length_mean": [
    60.0,
    28.35410764872521
  ],
  "ep_length_mean_T": [
    60,
    10069
  ],
  "episode": [
    351
  ],
  "episode_T": [
    10004
  ],
  "epsilon": [
    1.0,
    0.809069
  ],
  "epsilon_T": [
    60,
    10069
  ],
  "grad_norm": [
    7.621569296107168
  ],
  "grad_norm_T": [
    923
  ],
  "loss": [
    0.658239483833313
  ],
  "loss_T": [
    923
  ],
  "obs_loss": [
    0.25872302055358887
  ],
  "obs_loss_T": [
    923
  ],
  "q_taken_mean": [
    -0.22049989490226615
  ],
  "q_taken_mean_T": [
    923
  ],
  "return_mean": [
    1.3150684931506849,
    1.688540494392487
  ],
  "return_mean_T": [
    60,
    10069
  ],
  "return_std": [
    0.0,
    0.6336956419694789
  ],
  "return_std_T": [
    60,
    10069
  ],
  "reward_loss": [
    0.3420983850955963
  ],
  "reward_loss_T": [
    923
  ],
  "target_mean": [
    -0.16393826954112495
  ],
  "target_mean_T": [
    923
  ],
  "td_error_abs": [
    0.1702353331792135
  ],
  "td_error_abs_T": [
    923
  ],
  "test_battle_won_mean": [
    0.0
  ],
  "test_battle_won_mean_T": [
    60
  ],
  "test_dead_allies_mean": [
    2.09375
  ],
  "test_dead_allies_mean_T": [
    60
  ],
  "test_dead_enemies_mean": [
    0.0
  ],
  "test_dead_enemies_mean_T": [
    60
  ],
  "test_ep_length_mean": [
    51.5
  ],
  "test_ep_length_mean_T": [
    60
  ],
  "test_return_mean": [
    0.22602739726027393
  ],
  "test_return_mean_T": [
    60
  ],
  "test_return_std": [
    0.27796745051647975
  ],
  "test_return_std_T": [
    60
  ]
}