{
  "battle_won_mean": [
    0.0,
    0.0,
    0.0,
    0.0,
    0.0
  ],
  "battle_won_mean_T": [
    22,
    10027,
    20045,
    30077,
    40089
  ],
  "dead_allies_mean": [
    3.0,
    2.964673913043478,
    2.8561872909698995,
    2.5625,
    1.6348314606741574
  ],
  "dead_allies_mean_T": [
    22,
    10027,
    20045,
    30077,
    40089
  ],
  "dead_enemies_mean": [
    0.0,
    0.005434782608695652,
    0.023411371237458192,
    0.05416666666666667,
    0.028089887640449437
  ],
  "dead_enemies_mean_T": [
    22,
    10027,
    20045,
    30077,
    40089
  ],
  "ep_length_mean": [
    22.0,
    27.1875,
    33.50501672240803,
    41.8,
    56.247191011235955
  ],
  "ep_length_mean_T": [
    22,
    10027,
    20045,
    30077,
    40089
  ],
  "episode": [
    368,
    667,
    908,
    1086
  ],
  "episode_T": [
    10005,
    20019,
    30077,
    40089
  ],
  "epsilon": [
    1.0,
    0.809905,
    0.619639,
    0.4296770000000001,
    0.23944900000000013
  ],
  "epsilon_T": [
    22,
    10027,
    20045,
    30077,
    40089
  ],
  "grad_norm": [
    0.16826527129057478,
    0.16331557623588175,
    0.2128499658429876,
    0.08116901222000236
  ],
  "grad_norm_T": [
    412,
    10414,
    20418,
    30467
  ],
  "nonzero_loss": [
    0.028255468234419823,
    0.0027274279855191708,
    0.0013726234901696444,
    0.004102014005184174
  ],
  "nonzero_loss_T": [
    412,
    10414,
    20418,
    30467
  ],
  "obs_loss": [
    0.25796523690223694,
    0.04269473999738693,
    0.026119446381926537,
    0.022767439484596252
  ],
  "obs_loss_T": [
    412,
    10414,
    20418,
    30467
  ],
  "return_mean": [
    1.9726027397260273,
    1.7111375818939845,
    1.9881797773399918,
    2.0988584474885843,
    1.440357087886717
  ],
  "return_mean_T": [
    22,
    10027,
    20045,
    30077,
    40089
  ],
  "return_std": [
    0.0,
    0.6103452830447373,
    0.6751272356050991,
    0.9619572778365614,
    0.9021474657019961
  ],
  "return_std_T": [
    22,
    10027,
    20045,
    30077,
    40089
  ],
  "reward_loss": [
    0.037355244159698486,
    0.003729109186679125,
    0.0031696760561317205,
    0.002316952683031559
  ],
  "reward_loss_T": [
    412,
    10414,
    20418,
    30467
  ],
  "test_battle_won_mean": [
    0.0,
    0.0,
    0.0,
    0.0,
    0.0
  ],
  "test_battle_won_mean_T": [
    22,
    10027,
    20045,
    30077,
    40089
  ],
  "test_dead_allies_mean": [
    3.0,
    2.0625,
    1.90625,
    0.59375,
    0.78125
  ],
  "test_dead_allies_mean_T": [
    22,
    10027,
    20045,
    30077,
    40089
  ],
  "test_dead_enemies_mean": [
    0.75,
    0.15625,
    0.3125,
    0.0,
    0.0
  ],
  "test_dead_enemies_mean_T": [
    22,
    10027,
    20045,
    30077,
    40089
  ],
  "test_ep_length_mean": [
    28.65625,
    54.59375,
    59.15625,
    60.0,
    60.0
  ],
  "test_ep_length_mean_T": [
    22,
    10027,
    20045,
    30077,
    40089
  ],
  "test_return_mean": [
    2.773972602739726,
    2.258561643835616,
    2.441780821917808,
    0.5753424657534247,
    0.6780821917808219
  ],
  "test_return_mean_T": [
    22,
    10027,
    20045,
    30077,
    40089
  ],
  "test_return_std": [
    0.49043200383405594,
    1.0215113936238958,
    1.1009248658026647,
    0.4792563201242712,
    0.3849656300382574
  ],
  "test_return_std_T": [
    22,
    10027,
    20045,
    30077,
    40089
  ],
  "transition_loss": [
    0.3235759437084198,
    0.04915127530694008,
    0.030661746859550476,
    0.02918640524148941
  ],
  "transition_loss_T": [
    412,
    10414,
    20418,
    30467
  ]
}