{
  "battle_won_mean": [
    1.0
  ],
  "battle_won_mean_T": [
    2000085
  ],
  "dead_allies_mean": [
    1.0
  ],
  "dead_allies_mean_T": [
    2000085
  ],
  "dead_enemies_mean": [
    3.0
  ],
  "dead_enemies_mean_T": [
    2000085
  ],
  "ep_length_mean": [
    22.0
  ],
  "ep_length_mean_T": [
    2000085
  ],
  "episode": [
    1
  ],
  "episode_T": [
    2000085
  ],
  "epsilon": [
    0.05
  ],
  "epsilon_T": [
    2000085
  ],
  "grad_norm": [
    32.14729154997034
  ],
  "grad_norm_T": [
    2000746
  ],
  "loss": [
    2.5165951251983643
  ],
  "loss_T": [
    2000746
  ],
  "nonzero_loss": [
    1.0985159873962402
  ],
  "nonzero_loss_T": [
    2000746
  ],
  "obs_loss": [
    0.033438391983509064
  ],
  "obs_loss_T": [
    2000746
  ],
  "q_taken_mean": [
    2.1734287304782822
  ],
  "q_taken_mean_T": [
    2000746
  ],
  "return_mean": [
    20.0
  ],
  "return_mean_T": [
    2000085
  ],
  "return_std": [
    0.0
  ],
  "return_std_T": [
    2000085
  ],
  "reward_loss": [
    0.796421468257904
  ],
  "reward_loss_T": [
    2000746
  ],
  "target_mean": [
    2.1537008811462908
  ],
  "target_mean_T": [
    2000746
  ],
  "td_error_abs": [
    0.4668004048516426
  ],
  "td_error_abs_T": [
    2000746
  ],
  "test_battle_won_mean": [
    0.8125
  ],
  "test_battle_won_mean_T": [
    2000085
  ],
  "test_dead_allies_mean": [
    0.875
  ],
  "test_dead_allies_mean_T": [
    2000085
  ],
  "test_dead_enemies_mean": [
    2.71875
  ],
  "test_dead_enemies_mean_T": [
    2000085
  ],
  "test_ep_length_mean": [
    21.25
  ],
  "test_ep_length_mean_T": [
    2000085
  ],
  "test_return_mean": [
    17.549657534246577
  ],
  "test_return_mean_T": [
    2000085
  ],
  "test_return_std": [
    5.110731709151575
  ],
  "test_return_std_T": [
    2000085
  ]
}