{
  "battle_won_mean": [
    0.0,
    0.0,
    0.0
  ],
  "battle_won_mean_T": [
    24,
    10034,
    20036
  ],
  "dead_allies_mean": [
    3.0,
    2.9613259668508287,
    2.986984815618221
  ],
  "dead_allies_mean_T": [
    24,
    10034,
    20036
  ],
  "dead_enemies_mean": [
    0.0,
    0.0027624309392265192,
    0.09761388286334056
  ],
  "dead_enemies_mean_T": [
    24,
    10034,
    20036
  ],
  "ep_length_mean": [
    24.0,
    27.65193370165746,
    21.69631236442516
  ],
  "ep_length_mean_T": [
    24,
    10034,
    20036
  ],
  "episode": [
    362,
    823
  ],
  "episode_T": [
    10011,
    20011
  ],
  "epsilon": [
    1.0,
    0.809791,
    0.619791
  ],
  "epsilon_T": [
    24,
    10034,
    20036
  ],
  "grad_norm": [
    5.620343409804147,
    0.7187872900238207,
    0.6766265362464038
  ],
  "grad_norm_T": [
    2319,
    12322,
    22330
  ],
  "loss": [
    0.32221299409866333,
    0.04128675162792206,
    0.09728630632162094
  ],
  "loss_T": [
    2319,
    12322,
    22330
  ],
  "nonzero_loss": [
    0.2330496609210968,
    0.004381430335342884,
    0.011830379255115986
  ],
  "nonzero_loss_T": [
    2319,
    12322,
    22330
  ],
  "q_taken_mean": [
    -0.09257252425092706,
    0.03557178543274661,
    0.22625985382296515
  ],
  "q_taken_mean_T": [
    2319,
    12322,
    22330
  ],
  "return_mean": [
    1.643835616438356,
    1.7556951487171721,
    2.658306837429055
  ],
  "return_mean_T": [
    24,
    10034,
    20036
  ],
  "return_std": [
    0.0,
    0.659903765898519,
    0.9140247342165994
  ],
  "return_std_T": [
    24,
    10034,
    20036
  ],
  "reward_loss": [
    0.05033056065440178,
    0.005546138156205416,
    0.010662870481610298
  ],
  "reward_loss_T": [
    2319,
    12322,
    22330
  ],
  "target_mean": [
    -0.06968713575793851,
    0.023367050661140656,
    0.21129290262858072
  ],
  "target_mean_T": [
    2319,
    12322,
    22330
  ],
  "td_error_abs": [
    0.06865616987377818,
    0.13027793240834432,
    0.19829581646209068
  ],
  "td_error_abs_T": [
    2319,
    12322,
    22330
  ],
  "test_battle_won_mean": [
    0.0,
    0.53125,
    0.1875
  ],
  "test_battle_won_mean_T": [
    24,
    10034,
    20036
  ],
  "test_dead_allies_mean": [
    1.71875,
    2.375,
    2.71875
  ],
  "test_dead_allies_mean_T": [
    24,
    10034,
    20036
  ],
  "test_dead_enemies_mean": [
    0.21875,
    2.5,
    2.125
  ],
  "test_dead_enemies_mean_T": [
    24,
    10034,
    20036
  ],
  "test_ep_length_mean": [
    50.375,
    26.75,
    24.375
  ],
  "test_ep_length_mean_T": [
    24,
    10034,
    20036
  ],
  "test_return_mean": [
    0.9982876712328765,
    14.106164383561643,
    9.722602739726026
  ],
  "test_return_mean_T": [
    24,
    10034,
    20036
  ],
  "test_return_std": [
    1.115133650194881,
    6.293830175147507,
    4.975280186005108
  ],
  "test_return_std_T": [
    24,
    10034,
    20036
  ],
  "transition_loss": [
    0.015248868614435196,
    0.0030718573834747076,
    0.011145911179482937
  ],
  "transition_loss_T": [
    2319,
    12322,
    22330
  ]
}