{
  "battle_won_mean": [
    0.0,
    0.0,
    0.0,
    0.0,
    0.014799154334038054,
    0.0030120481927710845,
    0.007518796992481203
  ],
  "battle_won_mean_T": [
    34,
    10051,
    20068,
    30070,
    40091,
    50097,
    60099
  ],
  "dead_allies_mean": [
    3.0,
    2.9846547314578005,
    2.984815618221258,
    2.9958847736625516,
    2.9725158562367864,
    2.855421686746988,
    2.6278195488721803
  ],
  "dead_allies_mean_T": [
    34,
    10051,
    20068,
    30070,
    40091,
    50097,
    60099
  ],
  "dead_enemies_mean": [
    0.0,
    0.01278772378516624,
    0.11713665943600868,
    0.5123456790123457,
    0.9682875264270613,
    0.5391566265060241,
    0.6052631578947368
  ],
  "dead_enemies_mean_T": [
    34,
    10051,
    20068,
    30070,
    40091,
    50097,
    60099
  ],
  "ep_length_mean": [
    34.0,
    25.618925831202045,
    21.72885032537961,
    20.580246913580247,
    21.186046511627907,
    30.13855421686747,
    37.6015037593985
  ],
  "ep_length_mean_T": [
    34,
    10051,
    20068,
    30070,
    40091,
    50097,
    60099
  ],
  "episode": [
    390,
    851,
    1337,
    1810,
    2143,
    2410
  ],
  "episode_T": [
    10006,
    20025,
    30029,
    40043,
    50073,
    60099
  ],
  "epsilon": [
    1.0,
    0.8094490000000001,
    0.6191070000000001,
    0.42903100000000005,
    0.23872700000000013,
    0.05,
    0.05
  ],
  "epsilon_T": [
    34,
    10051,
    20068,
    30070,
    40091,
    50097,
    60099
  ],
  "grad_norm": [
    1.311658347069212,
    0.6169317744473338,
    0.09826341902650709,
    3.0709167028336117,
    3.386038980102627,
    3.377659883276124,
    1.7880190956581137
  ],
  "grad_norm_T": [
    2019,
    12035,
    22052,
    32068,
    42085,
    52095,
    62106
  ],
  "loss": [
    0.33883973956108093,
    0.10464107990264893,
    0.1231280118227005,
    0.16452676057815552,
    0.17343264818191528,
    0.1776655614376068,
    0.20338308811187744
  ],
  "loss_T": [
    2019,
    12035,
    22052,
    32068,
    42085,
    52095,
    62106
  ],
  "nonzero_loss": [
    0.03966131433844566,
    0.011237187311053276,
    0.011396633461117744,
    0.007602655328810215,
    0.01140922773629427,
    0.02132856287062168,
    0.01532675139605999
  ],
  "nonzero_loss_T": [
    2019,
    12035,
    22052,
    32068,
    42085,
    52095,
    62106
  ],
  "q_taken_mean": [
    -0.05525718562110303,
    0.1430744408687829,
    0.30284295944940476,
    0.5340889172676282,
    0.5065984664650769,
    0.5114751104846572,
    0.6460073841360462
  ],
  "q_taken_mean_T": [
    2019,
    12035,
    22052,
    32068,
    42085,
    52095,
    62106
  ],
  "return_mean": [
    1.643835616438356,
    1.7874785411484428,
    2.6329896294535406,
    3.714865550481988,
    4.977844710243563,
    3.5651097540848316,
    3.828406633020908
  ],
  "return_mean_T": [
    34,
    10051,
    20068,
    30070,
    40091,
    50097,
    60099
  ],
  "return_std": [
    0.0,
    0.707520739586951,
    0.9384925310056688,
    1.2087825675751693,
    2.2472572159103414,
    1.670715131928335,
    2.204199022578105
  ],
  "return_std_T": [
    34,
    10051,
    20068,
    30070,
    40091,
    50097,
    60099
  ],
  "reward_loss": [
    0.022300198674201965,
    0.00824201013892889,
    0.010369520634412766,
    0.008516830392181873,
    0.008379346691071987,
    0.01011608075350523,
    0.01021596696227789
  ],
  "reward_loss_T": [
    2019,
    12035,
    22052,
    32068,
    42085,
    52095,
    62106
  ],
  "target_mean": [
    -0.03514354038314034,
    0.1523635500953311,
    0.3028080240885417,
    0.4912582788711939,
    0.5659802369397096,
    0.5690466970058498,
    0.6622927040407509
  ],
  "target_mean_T": [
    2019,
    12035,
    22052,
    32068,
    42085,
    52095,
    62106
  ],
  "td_error_abs": [
    0.06034094024440738,
    0.1800236335167518,
    0.2436637006487165,
    0.2616319970770197,
    0.3123886276539364,
    0.3013768313553533,
    0.3066550034743089
  ],
  "td_error_abs_T": [
    2019,
    12035,
    22052,
    32068,
    42085,
    52095,
    62106
  ],
  "test_battle_won_mean": [
    0.0,
    0.53125,
    0.75,
    0.40625,
    0.09375,
    0.0,
    0.0
  ],
  "test_battle_won_mean_T": [
    34,
    10051,
    20068,
    30070,
    40091,
    50097,
    60099
  ],
  "test_dead_allies_mean": [
    3.0,
    2.25,
    2.15625,
    2.5,
    2.84375,
    2.875,
    2.78125
  ],
  "test_dead_allies_mean_T": [
    34,
    10051,
    20068,
    30070,
    40091,
    50097,
    60099
  ],
  "test_dead_enemies_mean": [
    1.0,
    2.53125,
    2.75,
    2.3125,
    1.21875,
    0.3125,
    0.8125
  ],
  "test_dead_enemies_mean_T": [
    34,
    10051,
    20068,
    30070,
    40091,
    50097,
    60099
  ],
  "test_ep_length_mean": [
    23.96875,
    25.4375,
    25.03125,
    24.90625,
    22.625,
    30.375,
    37.8125
  ],
  "test_ep_length_mean_T": [
    34,
    10051,
    20068,
    30070,
    40091,
    50097,
    60099
  ],
  "test_return_mean": [
    3.013698630136986,
    14.30308219178082,
    16.958904109589042,
    12.571917808219176,
    7.196917808219177,
    3.212328767123287,
    4.749999999999999
  ],
  "test_return_mean_T": [
    34,
    10051,
    20068,
    30070,
    40091,
    50097,
    60099
  ],
  "test_return_std": [
    0.0,
    6.0692118127138155,
    5.269897019806174,
    6.1562646305644435,
    4.1894883465113635,
    1.0783484727980504,
    1.0984078533712018
  ],
  "test_return_std_T": [
    34,
    10051,
    20068,
    30070,
    40091,
    50097,
    60099
  ],
  "transition_loss": [
    0.2581671178340912,
    0.028515473008155823,
    0.002987680723890662,
    0.009506585076451302,
    0.009401137940585613,
    0.00789377000182867,
    0.009681576862931252
  ],
  "transition_loss_T": [
    2019,
    12035,
    22052,
    32068,
    42085,
    52095,
    62106
  ]
}