{
  "battle_won_mean": [
    1.0
  ],
  "battle_won_mean_T": [
    1000059
  ],
  "dead_allies_mean": [
    2.0
  ],
  "dead_allies_mean_T": [
    1000059
  ],
  "dead_enemies_mean": [
    3.0
  ],
  "dead_enemies_mean_T": [
    1000059
  ],
  "ep_length_mean": [
    25.0
  ],
  "ep_length_mean_T": [
    1000059
  ],
  "episode": [
    1
  ],
  "episode_T": [
    1000059
  ],
  "epsilon": [
    0.05
  ],
  "epsilon_T": [
    1000059
  ],
  "grad_norm": [
    0.5009509805836724
  ],
  "grad_norm_T": [
    1002307
  ],
  "loss": [
    0.06852047145366669
  ],
  "loss_T": [
    1002307
  ],
  "nonzero_loss": [
    0.026296233758330345
  ],
  "nonzero_loss_T": [
    1002307
  ],
  "q_taken_mean": [
    3.4813865910947714
  ],
  "q_taken_mean_T": [
    1002307
  ],
  "return_mean": [
    20.0
  ],
  "return_mean_T": [
    1000059
  ],
  "return_std": [
    0.0
  ],
  "return_std_T": [
    1000059
  ],
  "reward_loss": [
    0.019132457673549652
  ],
  "reward_loss_T": [
    1002307
  ],
  "target_mean": [
    3.4716812831903594
  ],
  "target_mean_T": [
    1002307
  ],
  "td_error_abs": [
    0.38917439778645835
  ],
  "td_error_abs_T": [
    1002307
  ],
  "test_battle_won_mean": [
    0.0
  ],
  "test_battle_won_mean_T": [
    1000059
  ],
  "test_dead_allies_mean": [
    2.90625
  ],
  "test_dead_allies_mean_T": [
    1000059
  ],
  "test_dead_enemies_mean": [
    1.0
  ],
  "test_dead_enemies_mean_T": [
    1000059
  ],
  "test_ep_length_mean": [
    30.9375
  ],
  "test_ep_length_mean_T": [
    1000059
  ],
  "test_return_mean": [
    6.239726027397259
  ],
  "test_return_mean_T": [
    1000059
  ],
  "test_return_std": [
    1.2019523431343155
  ],
  "test_return_std_T": [
    1000059
  ],
  "transition_loss": [
    0.02309177629649639
  ],
  "transition_loss_T": [
    1002307
  ]
}