{
  "battle_won_mean": [
    0.0,
    0.0
  ],
  "battle_won_mean_T": [
    25,
    10039
  ],
  "dead_allies_mean": [
    3.0,
    2.9327485380116958
  ],
  "dead_allies_mean_T": [
    25,
    10039
  ],
  "dead_enemies_mean": [
    0.0,
    0.0
  ],
  "dead_enemies_mean_T": [
    25,
    10039
  ],
  "ep_length_mean": [
    25.0,
    29.280701754385966
  ],
  "ep_length_mean_T": [
    25,
    10039
  ],
  "episode": [
    342
  ],
  "episode_T": [
    10014
  ],
  "epsilon": [
    1.0,
    0.8097340000000001
  ],
  "epsilon_T": [
    25,
    10039
  ],
  "grad_norm": [
    2.4796800195535327
  ],
  "grad_norm_T": [
    2210
  ],
  "loss": [
    0.6146297454833984
  ],
  "loss_T": [
    2210
  ],
  "nonzero_loss": [
    0.33084073662757874
  ],
  "nonzero_loss_T": [
    2210
  ],
  "q_taken_mean": [
    -0.04148158380923692
  ],
  "q_taken_mean_T": [
    2210
  ],
  "return_mean": [
    1.3150684931506849,
    1.6207642393655373
  ],
  "return_mean_T": [
    25,
    10039
  ],
  "return_std": [
    0.0,
    0.6045240128500715
  ],
  "return_std_T": [
    25,
    10039
  ],
  "reward_loss": [
    0.014020509086549282
  ],
  "reward_loss_T": [
    2210
  ],
  "target_mean": [
    -0.025026698723643687
  ],
  "target_mean_T": [
    2210
  ],
  "td_error_abs": [
    0.04937353723847281
  ],
  "td_error_abs_T": [
    2210
  ],
  "test_battle_won_mean": [
    0.0,
    0.0
  ],
  "test_battle_won_mean_T": [
    25,
    10039
  ],
  "test_dead_allies_mean": [
    3.0,
    3.0
  ],
  "test_dead_allies_mean_T": [
    25,
    10039
  ],
  "test_dead_enemies_mean": [
    0.0,
    0.90625
  ],
  "test_dead_enemies_mean_T": [
    25,
    10039
  ],
  "test_ep_length_mean": [
    21.75,
    23.4375
  ],
  "test_ep_length_mean_T": [
    25,
    10039
  ],
  "test_return_mean": [
    0.0,
    4.426369863013697
  ],
  "test_return_mean_T": [
    25,
    10039
  ],
  "test_return_std": [
    0.0,
    1.0354691472230428
  ],
  "test_return_std_T": [
    25,
    10039
  ],
  "transition_loss": [
    0.25370508432388306
  ],
  "transition_loss_T": [
    2210
  ]
}